id,name,type,cr,ac,hp,speed,str,dex,con,int,wis,cha,traits,actions
m-goblin,Goblin,Küçük İnsansı (Goblinoid),1/4,15,7,9m,8,14,10,10,8,8,Nimble Escape: Bonus aksiyon olarak Disengage veya Hide yapabilir.,"Scimitar: +4 vurur, 1d6+2 kesici. Shortbow: +4 vurur, 1d6+2 delici (80/320 ft)."
m-kobold,Kobold,Küçük İnsansı (Draconic),1/8,12,5,9m,7,15,9,8,7,8,Pack Tactics: Müttefiki hedefin 5 ft yakınındaysa avantajlı vurur. Sunlight Sensitivity: Gün ışığında dezavantajlıdır.,"Dagger: +4 vurur, 1d4+2 delici. Sling: +4 vurur, 1d4+2 delici."
m-skeleton,İskelet (Skeleton),Orta Hortlak (Undead),1/4,13,13,9m,10,14,15,6,8,5,Vulnerabilities: Ezici (Bludgeoning) hasara karşı hassastır.,"Shortsword: +4 vurur, 1d6+2 delici. Shortbow: +4 vurur, 1d6+2 delici."
m-zombie,Zombi (Zombie),Orta Hortlak (Undead),1/4,8,22,6m,13,6,16,3,6,5,Undead Fortitude: Canı 0'a düştüğünde CON zarı atarak (DC 5 + hasar) 1 HP ile hayatta kalabilir.,"Slam: +3 vurur, 1d6+1 ezici hasar."
m-orc,Ork (Orc),Orta İnsansı (Orc),1/2,13,15,9m,16,12,16,7,11,10,Aggressive: Bonus aksiyon olarak düşmana doğru tam hız koşabilir.,"Greataxe: +5 vurur, 1d12+3 kesici hasar. Javelin: +5 vurur, 1d6+3 delici."
m-bandit,Haydut (Bandit),Orta İnsansı (Humanoid),1/8,12,11,9m,11,12,12,10,10,10,Parry: Reaksiyon olarak AC'sini +2 arttırır.,"Scimitar: +3 vurur, 1d6+1 kesici. Light Crossbow: +3 vurur, 1d8+1 delici."
m-bugbear,Bugbear,Orta İnsansı (Goblinoid),1,16,27,9m,15,14,13,8,11,9,Brute: Melee silahı fazladan 1 zar atar. Surprise Attack: Sürpriz elde ederse +2d6 fazladan hasar verir.,"Morningstar: +4 vurur, 2d8+2 ezici/delici. Javelin: +4 vurur, 1d6+2 delici."
m-ogre,Ogre,Büyük Dev (Giant),2,11,59,12m,19,8,16,5,7,7,Girişken Dev: Yüksek can ve vurucu güce sahip ağır yakın dövüşçü.,"Greatclub: +6 vurur, 2d8+4 ezici. Javelin: +6 vurur, 2d6+4 delici."
m-mimic,Mimik (Mimic),Orta Yaratık (Monstrosity),2,12,58,4.5m,17,12,15,5,13,8,Shapechanger: Sandık veya mobilya kılığına girer. Adhesive: Temas eden yaratık yapışır (Grappled DC 13).,"Pseudopod: +5 vurur, 1d8+3 ezici. Bite: +5 vurur, 1d8+3 ezici + 1d8 asit."
m-young-red-dragon,Genç Kırmızı Ejderha (Young Red Dragon),Büyük Ejderha (Dragon),10,18,178,"12m, Uçuş: 24m",23,10,21,14,11,19,Multiattack: 1 Isırık ve 2 Pençe saldırısı yapar.,"Bite: +10 vurur, 2d10+6 delme + 2d6 ateş. Fire Breath (Recharge 5-6): 30ft koni, 16d6 ateş hasarı (DEX Save 17)."
m-beholder,Beholder (Gözlücü),Büyük Aberasyon (Aberration),13,18,180,Uçuş: 6m (Hover),10,14,18,17,15,17,Antimagic Cone: Ana gözü 150ft alanda tüm büyüleri büyüsüzleştirir.,"Eye Rays: Her tur rastgele 3 göz ışını atar (Charm, Paralyzing, Fear, Slowing, Death Ray, Disintegration Ray)."
m-lich,Lich,Orta Hortlak (Undead Spellcaster),21,17,135,9m,11,16,16,20,14,16,"Legendary Resistance (3/Day), Rejuvenation (Phylactery), 9. Seviye Büyücü (Power Word Kill, Time Stop).","Paralyzing Touch: +12 vurur, 3d6 soğuk + Felç (CON Save 18). Efsanevi Aksiyonlar (Ray of Frost, Disrupt Life)."
m-giant-rat,Dev Fare (Giant Rat),Küçük Yaratık (Beast),1/8,12,7,6m,7,15,11,2,10,4,Pack Tactics: Müttefiki hedefin 5 ft yakınındaysa avantajlı vurur.,"Bite: +4 vurur, 1d4+2 delici."
m-wolf,Kurt (Wolf),Orta Yaratık (Beast),1/4,13,11,12m,12,15,12,3,12,6,"Pack Tactics, Keen Hearing and Smell.","Bite: +4 vurur, 2d4+2 delici; hedef DC 11 STR kurtarma atışını kaçırırsa yere düşer (Prone)."
m-hobgoblin,Hobgoblin,Orta İnsansı (Goblinoid),1/2,18,11,9m,13,12,12,10,10,9,Martial Advantage: Bir müttefiki hedefin 5 ft yakınındaysa turda bir kez +2d6 fazladan hasar verir.,"Longsword: +3 vurur, 1d8+1 kesici. Longbow: +3 vurur, 1d8+1 delici."
m-ghoul,Gul (Ghoul),Orta Hortlak (Undead),1,12,22,9m,13,15,10,7,10,6,"Undead, Zehire Bağışıklık.","Bite: +2 vurur, 2d6+2 delici. Claws: +4 vurur, 2d4+2 kesici + Felç (CON Save 10, Elfler etkilenmez)."
m-giant-spider,Dev Örümcek (Giant Spider),Büyük Yaratık (Beast),1,14,26,"9m, Tırmanma: 9m",14,16,12,2,11,4,"Spider Climb, Web Sense, Web Walker.","Bite: +5 vurur, 1d8+3 delici + 2d8 zehir (DC 11 CON, başarılıysa yarı hasar). Web (Recharge 5-6): 5/60ft menzil, DC 12 STR yoksa hedef ağa yapışır."
m-owlbear,Baykuşayı (Owlbear),Büyük Yaratık (Monstrosity),3,13,59,12m,20,12,17,3,12,7,Keen Sight and Smell.,"Multiattack: Gaga ve Pençe saldırısı yapar. Beak: +7 vurur, 1d10+5 delici. Claws: +7 vurur, 2d8+5 kesici."
m-gelatinous-cube,Jelatinimsi Küp (Gelatinous Cube),Büyük Yaratık (Ooze),2,6,84,4.5m,14,3,20,1,6,1,"Transparent (görünmesi zor), Engulf: hareket ederken üstünden geçtiği hedefi yutabilir.","Pseudopod: +5 vurur, 3d6+2 asit. Engulf: DC 12 DEX yoksa hedef yutulur ve 3d6 asit hasarı alır."
m-wight,Wight,Orta Hortlak (Undead),3,14,45,9m,15,14,16,10,13,15,"Undead, Sunlight Sensitivity: gün ışığında dezavantajlıdır.","Multiattack: 2 Life Drain veya kılıç saldırısı. Life Drain: +4 vurur, 1d6+2 nekrotik + hedefin can maksimumu düşer. Longsword: +4 vurur, 1d8+2 kesici."
m-ettin,Ettin,Dev İki Başlı (Giant),4,12,85,9m,21,8,17,6,10,8,"İki Kafa: Algı kontrollerinde avantajlı, biri uyanıkken sürpriz atağa uğramaz.","Multiattack: Balta ve Topuz saldırısı. Battleaxe: +9 vurur, 2d8+5 kesici. Morningstar: +9 vurur, 2d8+5 delici."
m-troll,Trol (Troll),Büyük Dev (Giant),5,15,84,9m,18,13,20,7,9,7,Regeneration: Ateş/asit hasarı almadığı sürece her tur başı 10 HP yeniler. Keen Smell.,"Multiattack: Isırık ve 2 Pençe. Bite: +9 vurur, 1d6+4 delici. Claw: +9 vurur, 2d6+4 kesici."
m-hill-giant,Tepe Devi (Hill Giant),Dev (Giant),5,13,105,12m,21,8,19,5,9,6,Kaba kuvvet ve büyük can havuzuyla ön saf tehdidi.,"Multiattack: 2 Topuz saldırısı. Greatclub: +9 vurur, 3d8+6 ezici. Rock: +9 vurur, 3d10+6 ezici (60/240ft)."
m-frost-giant,Buz Devi (Frost Giant),Dev (Giant),8,15,149,12m,23,9,21,9,10,12,Soğuğa Bağışıklık.,"Multiattack: 2 Balta saldırısı. Greataxe: +12 vurur, 3d12+7 kesici. Rock: +12 vurur, 3d10+7 ezici."
m-fire-giant,Ateş Devi (Fire Giant),Dev (Giant),9,18,162,9m,25,9,23,10,14,13,Ateşe Bağışıklık.,"Multiattack: 2 Kılıç saldırısı. Greatsword: +11 vurur, 6d6+7 kesici. Rock: +11 vurur, 4d10+7 ezici."
m-vampire,Vampir (Vampire),Orta Hortlak (Undead),13,16,144,"9m, Tırmanma: 9m",18,18,18,17,15,18,"Shapechanger (Yarasa/Sis formu), Regeneration, Spider Climb, Legendary Resistance (3/gün).","Multiattack: 2 Pençe veya Charm+Isırık. Claw: +9 vurur, 2d6+4 kesici. Bite: +9 vurur, 1d6 delici + 3d6 nekrotik + can emer."
m-death-knight,Ölüm Şövalyesi (Death Knight),Orta Hortlak (Undead Spellcaster),17,20,180,9m,20,11,18,12,16,18,"Aura of Despair (korkutur), Legendary Resistance (3/gün), 9. Seviye Büyücü.","Multiattack: 2 Kılıç saldırısı. Greatsword: +10 vurur, 2d6+5 kesici + 1d8 nekrotik. Hellfire Orb (Recharge 5-6): DC 18 DEX, 10d6 ateş + 10d6 nekrotik."
m-balor,Balor,"Büyük İblis (Fiend, Demon)",19,19,262,"12m, Uçuş: 18m",26,15,22,20,16,22,"Death Throes (öldüğünde 20ft alanda 70 ateş hasarı patlar), Fire Aura, Magic Resistance, Ateşe Bağışıklık.","Multiattack: Kılıç ve Kırbaç. Longsword: +14 vurur, 3d10+8 kesici + 3d8 ateş. Whip: +14 vurur, 2d6+8 ateş + hedefi 25ft çeker."
m-pit-fiend,Çukur İblisi (Pit Fiend),"Büyük İblis (Fiend, Devil)",20,19,336,"9m, Uçuş: 18m",26,14,24,22,18,24,"Fear Aura, Magic Resistance, Ateş & Zehire Bağışıklık.","Multiattack: Isırık + 2 Pençe + Topuz. Bite: +14 vurur, 4d6+8 delici + 6d6 zehir. Mace: +14 vurur, 2d6+8 ezici + 6d10 ateş."
